username,password,address1,address2,pass1,arrive,depart
jojo,bean,First street,Akron,Jojo Bean,Portland,Denver
Oleg,Minsk,Main Street,Anytown,Oleg Minsk,Los Angeles,San Francisco
Sarah,Sunshine,Oak Avenue,Springfield,Sarah Sunshine,Sydney,Denver
David,Space,Elm Street,Dallas,David Space,Denver,Seattle
Emily,Flower,Rose Lane,Seattle,Emily Flower,San Francisco,Portland
Michael,Strong,Pine Road,Denver,Michael Strong,Frankfurt,Los Angeles
Olivia,Smart,Maple Drive,Atlanta,Olivia Smart,London,Portland
Noah,Brave,Cedar Street,New Orleans,Noah Brave,Seattle,Denver
Ava,Grace,Birch Lane,Chicago,Ava Grace,Los Angeles,Sydney
Liam,King,Willow Creek,Houston,Liam King,Denver,Paris